,,action
https://docs.github.com/en/developers/webhooks-and-events/webhooks/about-webhooks,,A2
https://docs.github.com/en/developers/webhooks-and-events/webhooks/webhook-events-and-payloads,,A2
https://docs.github.com/en/rest/activity#ping-a-repository-webhook,,A2
https://docs.github.com/rest/reference/repos#get-repository-content,A14:githubapi repository file encoding,A2
githubapi repository file encoding: base64 decode,,A2
https://docs.github.com/en/rest/activity/events,,A2
https://docs.github.com/en/rest/issues/events,,A2
https://docs.github.com/en/rest/repos/contents#create-or-update-file-contents,,A2
https://docs.github.com/en/issues/tracking-your-work-with-issues/about-issues,,%10
https://docs.github.com/en/issues/tracking-your-work-with-issues/creating-an-issue,,A2
https://docs.github.com/en/issues/tracking-your-work-with-issues/creating-an-issue#creating-an-issue-from-code,,A2
https://docs.github.com/en/issues/planning-and-tracking-with-projects/learning-about-projects/about-projects,,%10
https://docs.github.com/en/actions/automating-builds-and-tests/building-and-testing-swift,,A2
https://docs.github.com/en/rest/repos/contents,,A2
https://docs.github.com/en/rest/repos#delete-file,,A2
https://docs.github.com/en/rest/repos,,A2
https://docs.github.com/en/enterprise-server@3.6/rest/overview/resources-in-the-rest-api#rate-limiting,,A2
